RemoteWork,count,median,mean
Remote,8043,75184.0,89358.12358572672
"Hybrid (some remote, some in-person)",9261,66228.0,77371.28452650901
In-person,3721,44681.0,57035.91319537759
